--
-- PostgreSQL database dump
--

-- Dumped from database version 15.3 (Debian 15.3-1.pgdg110+1)
-- Dumped by pg_dump version 15.1

-- Started on 2023-07-11 16:33:06

SET statement_timeout = 0;
SET lock_timeout = 0;
SET idle_in_transaction_session_timeout = 0;
SET client_encoding = 'UTF8';
SET standard_conforming_strings = on;
SELECT pg_catalog.set_config('search_path', '', false);
SET check_function_bodies = false;
SET xmloption = content;
SET client_min_messages = warning;
SET row_security = off;

SET default_tablespace = '';

SET default_table_access_method = heap;

--
-- TOC entry 216 (class 1259 OID 49160)
-- Name: Doctor; Type: TABLE; Schema: public; Owner: postgres
--

CREATE TABLE public."Doctor" (
    "Id" integer NOT NULL,
    "Name" text NOT NULL,
    "Surname" text NOT NULL,
    "Title" text NOT NULL,
    "Specialization" text NOT NULL,
    "Email" text NOT NULL,
    "CreatedBy" integer NOT NULL,
    "UpdatedBy" integer NOT NULL,
    "CreatedDate" timestamp with time zone NOT NULL,
    "UpdatedDate" timestamp with time zone NOT NULL
);


ALTER TABLE public."Doctor" OWNER TO postgres;

--
-- TOC entry 215 (class 1259 OID 49159)
-- Name: Doctor_Id_seq; Type: SEQUENCE; Schema: public; Owner: postgres
--

ALTER TABLE public."Doctor" ALTER COLUMN "Id" ADD GENERATED BY DEFAULT AS IDENTITY (
    SEQUENCE NAME public."Doctor_Id_seq"
    START WITH 1
    INCREMENT BY 1
    NO MINVALUE
    NO MAXVALUE
    CACHE 1
);


--
-- TOC entry 234 (class 1259 OID 65665)
-- Name: EntityFiles; Type: TABLE; Schema: public; Owner: postgres
--

CREATE TABLE public."EntityFiles" (
    "Id" integer NOT NULL,
    "FileId" integer NOT NULL,
    "Entity" text,
    "EntityId" integer,
    "Zone" text NOT NULL,
    "CreatedBy" integer NOT NULL,
    "UpdatedBy" integer NOT NULL,
    "CreatedDate" timestamp with time zone NOT NULL,
    "UpdatedDate" timestamp with time zone NOT NULL
);


ALTER TABLE public."EntityFiles" OWNER TO postgres;

--
-- TOC entry 233 (class 1259 OID 65664)
-- Name: EntityFiles_Id_seq; Type: SEQUENCE; Schema: public; Owner: postgres
--

ALTER TABLE public."EntityFiles" ALTER COLUMN "Id" ADD GENERATED BY DEFAULT AS IDENTITY (
    SEQUENCE NAME public."EntityFiles_Id_seq"
    START WITH 1
    INCREMENT BY 1
    NO MINVALUE
    NO MAXVALUE
    CACHE 1
);


--
-- TOC entry 232 (class 1259 OID 65657)
-- Name: Files; Type: TABLE; Schema: public; Owner: postgres
--

CREATE TABLE public."Files" (
    "Id" integer NOT NULL,
    "Filename" text NOT NULL,
    "Path" text NOT NULL,
    "CreatedDate" timestamp with time zone NOT NULL,
    "CreatedBy" integer NOT NULL,
    "UpdatedBy" integer NOT NULL
);


ALTER TABLE public."Files" OWNER TO postgres;

--
-- TOC entry 231 (class 1259 OID 65656)
-- Name: Files_Id_seq; Type: SEQUENCE; Schema: public; Owner: postgres
--

ALTER TABLE public."Files" ALTER COLUMN "Id" ADD GENERATED BY DEFAULT AS IDENTITY (
    SEQUENCE NAME public."Files_Id_seq"
    START WITH 1
    INCREMENT BY 1
    NO MINVALUE
    NO MAXVALUE
    CACHE 1
);


--
-- TOC entry 218 (class 1259 OID 49168)
-- Name: Patient; Type: TABLE; Schema: public; Owner: postgres
--

CREATE TABLE public."Patient" (
    "Id" integer NOT NULL,
    "Name" text NOT NULL,
    "Description" text NOT NULL,
    "Email" text NOT NULL,
    "PhoneNumber" text NOT NULL,
    "Sex" text NOT NULL,
    "Address" text NOT NULL,
    "Citizenship" text NOT NULL,
    "IDCard" text NOT NULL,
    "UnderlyingConditions" text NOT NULL,
    "Notes" text NOT NULL,
    "CreatedBy" integer NOT NULL,
    "UpdatedBy" integer NOT NULL,
    "CreatedDate" timestamp with time zone NOT NULL,
    "UpdatedDate" timestamp with time zone NOT NULL,
    "Surname" text DEFAULT ''::text NOT NULL
);


ALTER TABLE public."Patient" OWNER TO postgres;

--
-- TOC entry 217 (class 1259 OID 49167)
-- Name: Patient_Id_seq; Type: SEQUENCE; Schema: public; Owner: postgres
--

ALTER TABLE public."Patient" ALTER COLUMN "Id" ADD GENERATED BY DEFAULT AS IDENTITY (
    SEQUENCE NAME public."Patient_Id_seq"
    START WITH 1
    INCREMENT BY 1
    NO MINVALUE
    NO MAXVALUE
    CACHE 1
);


--
-- TOC entry 220 (class 1259 OID 49176)
-- Name: Pipeline; Type: TABLE; Schema: public; Owner: postgres
--

CREATE TABLE public."Pipeline" (
    "Id" integer NOT NULL,
    "Name" text NOT NULL,
    "TestType" text NOT NULL,
    "Description" text NOT NULL,
    "CreatedBy" integer NOT NULL,
    "UpdatedBy" integer NOT NULL,
    "CreatedDate" timestamp with time zone NOT NULL,
    "UpdatedDate" timestamp with time zone NOT NULL
);


ALTER TABLE public."Pipeline" OWNER TO postgres;

--
-- TOC entry 224 (class 1259 OID 49192)
-- Name: PipelineRun; Type: TABLE; Schema: public; Owner: postgres
--

CREATE TABLE public."PipelineRun" (
    "Id" integer NOT NULL,
    "PipelineId" integer NOT NULL,
    "PatientId" integer NOT NULL,
    "Notes" text,
    "Results" text,
    "CreatedBy" integer NOT NULL,
    "UpdatedBy" integer NOT NULL,
    "CreatedDate" timestamp with time zone NOT NULL,
    "UpdatedDate" timestamp with time zone NOT NULL,
    "DoctorId" integer DEFAULT 0 NOT NULL,
    "AnalysisDate" date DEFAULT '-infinity'::date NOT NULL,
    "Barcode" text DEFAULT ''::text NOT NULL,
    "SampleDate" date DEFAULT '-infinity'::date NOT NULL,
    "SampleID" text DEFAULT ''::text NOT NULL,
    "SampleName" text DEFAULT ''::text NOT NULL,
    "SampleType" text DEFAULT ''::text NOT NULL,
    "TestReportID" text DEFAULT ''::text NOT NULL
);


ALTER TABLE public."PipelineRun" OWNER TO postgres;

--
-- TOC entry 236 (class 1259 OID 82041)
-- Name: PipelineRunQueue; Type: TABLE; Schema: public; Owner: postgres
--

CREATE TABLE public."PipelineRunQueue" (
    "Id" integer NOT NULL,
    "PipelineRunId" integer NOT NULL,
    "CreatedBy" integer DEFAULT 0 NOT NULL,
    "CreatedDate" timestamp with time zone DEFAULT '-infinity'::timestamp with time zone NOT NULL,
    "UpdatedBy" integer DEFAULT 0 NOT NULL,
    "UpdatedDate" timestamp with time zone DEFAULT '-infinity'::timestamp with time zone NOT NULL
);


ALTER TABLE public."PipelineRunQueue" OWNER TO postgres;

--
-- TOC entry 235 (class 1259 OID 82040)
-- Name: PipelineRunQueue_Id_seq; Type: SEQUENCE; Schema: public; Owner: postgres
--

ALTER TABLE public."PipelineRunQueue" ALTER COLUMN "Id" ADD GENERATED BY DEFAULT AS IDENTITY (
    SEQUENCE NAME public."PipelineRunQueue_Id_seq"
    START WITH 1
    INCREMENT BY 1
    NO MINVALUE
    NO MAXVALUE
    CACHE 1
);


--
-- TOC entry 223 (class 1259 OID 49191)
-- Name: PipelineRun_Id_seq; Type: SEQUENCE; Schema: public; Owner: postgres
--

ALTER TABLE public."PipelineRun" ALTER COLUMN "Id" ADD GENERATED BY DEFAULT AS IDENTITY (
    SEQUENCE NAME public."PipelineRun_Id_seq"
    START WITH 1
    INCREMENT BY 1
    NO MINVALUE
    NO MAXVALUE
    CACHE 1
);


--
-- TOC entry 226 (class 1259 OID 49210)
-- Name: PipelineStage; Type: TABLE; Schema: public; Owner: postgres
--

CREATE TABLE public."PipelineStage" (
    "Id" integer NOT NULL,
    "PipelineId" integer NOT NULL,
    "Name" text NOT NULL,
    "Command" text NOT NULL,
    "Platform" text NOT NULL,
    "Notes" text NOT NULL,
    "CreatedBy" integer NOT NULL,
    "UpdatedBy" integer NOT NULL,
    "CreatedDate" timestamp with time zone NOT NULL,
    "UpdatedDate" timestamp with time zone NOT NULL
);


ALTER TABLE public."PipelineStage" OWNER TO postgres;

--
-- TOC entry 230 (class 1259 OID 49246)
-- Name: PipelineStageRun; Type: TABLE; Schema: public; Owner: postgres
--

CREATE TABLE public."PipelineStageRun" (
    "Id" integer NOT NULL,
    "PipelineStageId" integer NOT NULL,
    "PipelineRunId" integer NOT NULL,
    "Status" text NOT NULL,
    "StartDate" timestamp with time zone NOT NULL,
    "EndDate" timestamp with time zone NOT NULL,
    "CreatedBy" integer NOT NULL,
    "UpdatedBy" integer NOT NULL,
    "CreatedDate" timestamp with time zone NOT NULL,
    "UpdatedDate" timestamp with time zone NOT NULL,
    "Output" text DEFAULT ''::text NOT NULL
);


ALTER TABLE public."PipelineStageRun" OWNER TO postgres;

--
-- TOC entry 229 (class 1259 OID 49245)
-- Name: PipelineStageRun_Id_seq; Type: SEQUENCE; Schema: public; Owner: postgres
--

ALTER TABLE public."PipelineStageRun" ALTER COLUMN "Id" ADD GENERATED BY DEFAULT AS IDENTITY (
    SEQUENCE NAME public."PipelineStageRun_Id_seq"
    START WITH 1
    INCREMENT BY 1
    NO MINVALUE
    NO MAXVALUE
    CACHE 1
);


--
-- TOC entry 225 (class 1259 OID 49209)
-- Name: PipelineStage_Id_seq; Type: SEQUENCE; Schema: public; Owner: postgres
--

ALTER TABLE public."PipelineStage" ALTER COLUMN "Id" ADD GENERATED BY DEFAULT AS IDENTITY (
    SEQUENCE NAME public."PipelineStage_Id_seq"
    START WITH 1
    INCREMENT BY 1
    NO MINVALUE
    NO MAXVALUE
    CACHE 1
);


--
-- TOC entry 219 (class 1259 OID 49175)
-- Name: Pipeline_Id_seq; Type: SEQUENCE; Schema: public; Owner: postgres
--

ALTER TABLE public."Pipeline" ALTER COLUMN "Id" ADD GENERATED BY DEFAULT AS IDENTITY (
    SEQUENCE NAME public."Pipeline_Id_seq"
    START WITH 1
    INCREMENT BY 1
    NO MINVALUE
    NO MAXVALUE
    CACHE 1
);


--
-- TOC entry 228 (class 1259 OID 49223)
-- Name: Result; Type: TABLE; Schema: public; Owner: postgres
--

CREATE TABLE public."Result" (
    "Id" integer NOT NULL,
    "TestType" text NOT NULL,
    "PatientId" integer NOT NULL,
    "DoctorId" integer NOT NULL,
    "PipelineRunId" integer NOT NULL,
    "CreatedBy" integer NOT NULL,
    "UpdatedBy" integer NOT NULL,
    "CreatedDate" timestamp with time zone NOT NULL,
    "UpdatedDate" timestamp with time zone NOT NULL
);


ALTER TABLE public."Result" OWNER TO postgres;

--
-- TOC entry 227 (class 1259 OID 49222)
-- Name: Result_Id_seq; Type: SEQUENCE; Schema: public; Owner: postgres
--

ALTER TABLE public."Result" ALTER COLUMN "Id" ADD GENERATED BY DEFAULT AS IDENTITY (
    SEQUENCE NAME public."Result_Id_seq"
    START WITH 1
    INCREMENT BY 1
    NO MINVALUE
    NO MAXVALUE
    CACHE 1
);


--
-- TOC entry 222 (class 1259 OID 49184)
-- Name: User; Type: TABLE; Schema: public; Owner: postgres
--

CREATE TABLE public."User" (
    "Id" integer NOT NULL,
    "Username" text NOT NULL,
    "PasswordHash" bytea NOT NULL,
    "PasswordSalt" bytea NOT NULL,
    "Role" text NOT NULL,
    "CreatedBy" integer NOT NULL,
    "UpdatedBy" integer NOT NULL,
    "CreatedDate" timestamp with time zone NOT NULL,
    "UpdatedDate" timestamp with time zone NOT NULL
);


ALTER TABLE public."User" OWNER TO postgres;

--
-- TOC entry 221 (class 1259 OID 49183)
-- Name: User_Id_seq; Type: SEQUENCE; Schema: public; Owner: postgres
--

ALTER TABLE public."User" ALTER COLUMN "Id" ADD GENERATED BY DEFAULT AS IDENTITY (
    SEQUENCE NAME public."User_Id_seq"
    START WITH 1
    INCREMENT BY 1
    NO MINVALUE
    NO MAXVALUE
    CACHE 1
);


--
-- TOC entry 214 (class 1259 OID 49154)
-- Name: __EFMigrationsHistory; Type: TABLE; Schema: public; Owner: postgres
--

CREATE TABLE public."__EFMigrationsHistory" (
    "MigrationId" character varying(150) NOT NULL,
    "ProductVersion" character varying(32) NOT NULL
);


ALTER TABLE public."__EFMigrationsHistory" OWNER TO postgres;

--
-- TOC entry 3434 (class 0 OID 49160)
-- Dependencies: 216
-- Data for Name: Doctor; Type: TABLE DATA; Schema: public; Owner: postgres
--

COPY public."Doctor" ("Id", "Name", "Surname", "Title", "Specialization", "Email", "CreatedBy", "UpdatedBy", "CreatedDate", "UpdatedDate") FROM stdin;
2	Jane	Smith	Dr.	Dermatology	janesmith@example.com	0	0	-infinity	-infinity
3	qweqwe	qweqwe	qwewqe	qweqwe	qwewqe	0	0	-infinity	-infinity
4	qwewq	esdqweqw	wqe	qweqweqwe	qwewqe	0	0	-infinity	-infinity
5	asdsa	dsadas	dsad	asdsad	sadasdsad	0	0	-infinity	-infinity
1	John	Doe	Dr.	Cardiology	johndoe@example.com	0	0	-infinity	-infinity
6	Hristo	Petrov	Dr.	Cardiology	elemente365@gmail.com	0	0	-infinity	-infinity
7	Kris	Camilleri	Dr.	Laboratorian	kris.cheesus@gmail.com	0	2	-infinity	2023-07-11 12:31:29.925988+00
\.


--
-- TOC entry 3452 (class 0 OID 65665)
-- Dependencies: 234
-- Data for Name: EntityFiles; Type: TABLE DATA; Schema: public; Owner: postgres
--

COPY public."EntityFiles" ("Id", "FileId", "Entity", "EntityId", "Zone", "CreatedBy", "UpdatedBy", "CreatedDate", "UpdatedDate") FROM stdin;
\.


--
-- TOC entry 3450 (class 0 OID 65657)
-- Dependencies: 232
-- Data for Name: Files; Type: TABLE DATA; Schema: public; Owner: postgres
--

COPY public."Files" ("Id", "Filename", "Path", "CreatedDate", "CreatedBy", "UpdatedBy") FROM stdin;
1	600px-Example_image.svg.png	/sites/bioarte-test/Shared Documents/600px-Example_image.svg.png	-infinity	0	0
2	600px-Example_image.svg.png	/sites/bioarte-test/Shared Documents/600px-Example_image.svg.png	-infinity	2	0
\.


--
-- TOC entry 3436 (class 0 OID 49168)
-- Dependencies: 218
-- Data for Name: Patient; Type: TABLE DATA; Schema: public; Owner: postgres
--

COPY public."Patient" ("Id", "Name", "Description", "Email", "PhoneNumber", "Sex", "Address", "Citizenship", "IDCard", "UnderlyingConditions", "Notes", "CreatedBy", "UpdatedBy", "CreatedDate", "UpdatedDate", "Surname") FROM stdin;
2	Bob	Patient with diabetes	bob@example.com	9876543210	Male	456 Elm St	USA	B98765432	Type 2 diabetes	Requires insulin treatment	0	0	-infinity	-infinity	
4	Hristo	dsad	sweet.scope@yahoo.com	77083120	aswqeqwe	REDEEMER, TRIQ BALAGUER	qweqwe	asdsa	sadsa	qwewqea	0	0	-infinity	-infinity	Petrov
5	zxdcas	qweqwe	sadsad@wqaeqwe.qweqwe	324234234	Male	qweqwe	sadasd	123123123	wqeqweqw	qweqwewq	0	0	-infinity	-infinity	sadqweqwe
3	Hristo	dsad	sweet.scope@yahoo.com	77083120	aswqeqwe	REDEEMER, TRIQ BALAGUER	qweqwe	asdsa	sadsa	qwewqea	0	0	-infinity	-infinity	Petrov
6	string	string	string	string	string	string	string	string	string	string	0	0	2023-07-03 15:14:21.691+00	2023-07-03 15:14:21.691+00	string
7	string	string	string	string	string	string	string	string	string	string	0	0	2023-07-03 15:14:41.759+00	2023-07-03 15:14:41.759+00	string
1	Alice	Patient with respiratory issues	alice@example.com	1234567890	Female	123 Main St	USA	A12345678	Asthma	Regular check-up required	0	0	-infinity	-infinity	q12eqwewqe
8	John	wqeqw	wqewqe@wqeqwe.asdasd	77083120	Male	REDEEMER, TRIQ BALAGUER	Bulgarian	172803A	permanent stomach issues	urgent for pipeline	0	0	-infinity	-infinity	Doe
\.


--
-- TOC entry 3438 (class 0 OID 49176)
-- Dependencies: 220
-- Data for Name: Pipeline; Type: TABLE DATA; Schema: public; Owner: postgres
--

COPY public."Pipeline" ("Id", "Name", "TestType", "Description", "CreatedBy", "UpdatedBy", "CreatedDate", "UpdatedDate") FROM stdin;
1	Pipeline A	Type A	Pipeline for Test Type A	0	0	-infinity	-infinity
2	Pipeline B	Type B	Pipeline for Test Type B	0	0	-infinity	-infinity
3	test new pipeline	stool	qweqwe	0	0	-infinity	-infinity
4				0	0	-infinity	-infinity
5				0	0	-infinity	-infinity
6				0	0	-infinity	-infinity
7	t	s	wqeqwe	0	0	-infinity	-infinity
8	test new pipeline 2	stool	qwewqe	0	0	-infinity	-infinity
9	pipeline 3	test type 3	description 3	0	0	-infinity	-infinity
\.


--
-- TOC entry 3442 (class 0 OID 49192)
-- Dependencies: 224
-- Data for Name: PipelineRun; Type: TABLE DATA; Schema: public; Owner: postgres
--

COPY public."PipelineRun" ("Id", "PipelineId", "PatientId", "Notes", "Results", "CreatedBy", "UpdatedBy", "CreatedDate", "UpdatedDate", "DoctorId", "AnalysisDate", "Barcode", "SampleDate", "SampleID", "SampleName", "SampleType", "TestReportID") FROM stdin;
34	8	8	qewqw		0	0	-infinity	-infinity	7	2023-07-11	qweqweqwe	2023-07-11	eqweqw	qwe	qweqwe	qwe
35	8	8	wqeqwe		0	0	-infinity	-infinity	7	2023-07-11	BC07	2023-07-11	asdqw	barcode07	qwasdeqwe	eqweqw
\.


--
-- TOC entry 3454 (class 0 OID 82041)
-- Dependencies: 236
-- Data for Name: PipelineRunQueue; Type: TABLE DATA; Schema: public; Owner: postgres
--

COPY public."PipelineRunQueue" ("Id", "PipelineRunId", "CreatedBy", "CreatedDate", "UpdatedBy", "UpdatedDate") FROM stdin;
15	34	0	-infinity	0	-infinity
16	35	0	-infinity	0	-infinity
\.


--
-- TOC entry 3444 (class 0 OID 49210)
-- Dependencies: 226
-- Data for Name: PipelineStage; Type: TABLE DATA; Schema: public; Owner: postgres
--

COPY public."PipelineStage" ("Id", "PipelineId", "Name", "Command", "Platform", "Notes", "CreatedBy", "UpdatedBy", "CreatedDate", "UpdatedDate") FROM stdin;
1	1	Stage 1	Command 1	Platform A	Stage 1 notes	0	0	-infinity	-infinity
2	1	Stage 2	Command 2	Platform A	Stage 2 notes	0	0	-infinity	-infinity
3	1	Stage 3	Command 3	Platform B	Stage 3 notes	0	0	-infinity	-infinity
4	2	Stage 1	Command 4	Platform C	Stage 1 notes	0	0	-infinity	-infinity
5	2	Stage 2	Command 5	Platform D	Stage 2 notes	0	0	-infinity	-infinity
6	3					0	0	-infinity	-infinity
7	4					0	0	-infinity	-infinity
8	5					0	0	-infinity	-infinity
9	6					0	0	-infinity	-infinity
10	7	eqweqwe	/home/hristop/BioArte-R/step1.sh /home/hristop/BioArte-R/	/bin/bash	qweqwe	0	0	-infinity	-infinity
13	8	step1	/home/hristop/BioArte-R/step1.sh /home/hristop/BioArte-R/  /home/hristop/BioArte-R/	/bin/bash	note1	0	0	-infinity	-infinity
14	8	step2	/home/hristop/BioArte-R/step2.sh /home/hristop/BioArte-R/	/bin/bash	note2	0	0	-infinity	-infinity
15	8	step3	/home/hristop/BioArte-R/step3.sh /home/hristop/BioArte-R/	/bin/bash	note3	0	0	-infinity	-infinity
16	8	step4	/home/hristop/BioArte-R/step4.sh /home/hristop/BioArte-R/	/bin/bash	note4	0	0	-infinity	-infinity
17	8	step5	/home/hristop/BioArte-R/step5.sh /home/hristop/BioArte-R/	/bin/bash	note5	0	0	-infinity	-infinity
18	8	step6	/home/hristop/BioArte-R/step6.sh /home/hristop/BioArte-R/	/bin/bash	note6	0	0	-infinity	-infinity
20	8	step 7	/home/hristop/BioArte-R/main.js /home/hristop/BioArte-R/	node	note 7	0	0	-infinity	-infinity
21	9	step1	/home/hristop/BioArte-R/step1.sh /home/hristop/BioArte-R/	/bin/bash	just step 1	0	0	-infinity	-infinity
22	9	step3	/home/hristop/BioArte-R/step3.sh /home/hristop/BioArte-R/	/bin/bash	just step 3	0	0	-infinity	-infinity
\.


--
-- TOC entry 3448 (class 0 OID 49246)
-- Dependencies: 230
-- Data for Name: PipelineStageRun; Type: TABLE DATA; Schema: public; Owner: postgres
--

COPY public."PipelineStageRun" ("Id", "PipelineStageId", "PipelineRunId", "Status", "StartDate", "EndDate", "CreatedBy", "UpdatedBy", "CreatedDate", "UpdatedDate", "Output") FROM stdin;
29	13	34	Success	2023-07-11 09:45:03.825269+00	2023-07-11 09:45:20.374604+00	0	0	-infinity	-infinity	\n Concatenating fastq files\nbarcode03\nbarcode04\nbarcode\nbarcode03\nbarcode04\n
\.


--
-- TOC entry 3446 (class 0 OID 49223)
-- Dependencies: 228
-- Data for Name: Result; Type: TABLE DATA; Schema: public; Owner: postgres
--

COPY public."Result" ("Id", "TestType", "PatientId", "DoctorId", "PipelineRunId", "CreatedBy", "UpdatedBy", "CreatedDate", "UpdatedDate") FROM stdin;
\.


--
-- TOC entry 3440 (class 0 OID 49184)
-- Dependencies: 222
-- Data for Name: User; Type: TABLE DATA; Schema: public; Owner: postgres
--

COPY public."User" ("Id", "Username", "PasswordHash", "PasswordSalt", "Role", "CreatedBy", "UpdatedBy", "CreatedDate", "UpdatedDate") FROM stdin;
1	test	\\x567e74ebe9c16c32ca3ebe2abd06b22c6a108245bd04dface24718feb21d2c2d70282fb65309c8fb2885ecac8975eff815685af246ded890490ae73c2c96447d	\\x5d6aae85f7105258e410f7b85d587c9f7e0f3bf38fab58663e9234bad04847a9f81cbd9ed79c8cf1081c1b633ba8245f7dfa0cea42dc0152793da31e9613cd383e6f82445600df3114e38b1c1942f92f289df178e52b645b1aa4049db7d6eb969665bd40ee4174d987d344a734a13ab829598ef4840724f698ed764e2b0b320b	User	0	0	-infinity	-infinity
2	test1	\\x55202317ce3b3108fc8207726e5db418fd631d7c089a4bd01002a2e2abd74dc2bdb90c6b89a897c8ce374d0f4b0f50b446ee16997537fb8558d7e42086e0e1ca	\\x257dac776f7272c4f32b5ad3a3374fe962e4dcea96fcecd2a36924fc7f5f6f8007cbf86631595bbbd82c358706f618df12f77173f4977893ef3b5a0800659d30c9699817b0944c3b17c06773a278c9f761d03f29562a61a66b2eb24b674f8835f065209c7b0ef77e473d77798548c49a88619065817f0e880537c77da9002aea	User	0	0	-infinity	-infinity
\.


--
-- TOC entry 3432 (class 0 OID 49154)
-- Dependencies: 214
-- Data for Name: __EFMigrationsHistory; Type: TABLE DATA; Schema: public; Owner: postgres
--

COPY public."__EFMigrationsHistory" ("MigrationId", "ProductVersion") FROM stdin;
20230518122319_init	7.0.5
20230522142237_OutputColumnToPipelineStageRunTable	7.0.5
20230623142813_AddedMoreColumnsToPatientDbSoItFitsTheCSVFormat	7.0.5
20230627102707_Added Surname column to Patient table	7.0.5
20230627104337_Changed DateOnly To DateTime type column to Patient table	7.0.5
20230627123304_Changed DateTime To DateOnly type column to Patient table	7.0.5
20230703110441_AddedFileManagerTables	7.0.5
20230703123246_AddedFileManagerTables2	7.0.5
20230705152023_Fixing Doctor Id to Pipeline Run	7.0.5
20230705152117_Added Doctor Id to Pipeline Run	7.0.5
20230705153429_Added Doctor Id to Pipeline Run Fixed	7.0.5
20230710105836_Added PipelineRunQueue	7.0.5
20230710120141_Added PipelineRunQueue 2	7.0.5
20230711081406_moved Patient metadata to PipelineRun	7.0.5
20230711093653_Added Autidable Entity Columns to PipelineRunQueue	7.0.5
\.


--
-- TOC entry 3460 (class 0 OID 0)
-- Dependencies: 215
-- Name: Doctor_Id_seq; Type: SEQUENCE SET; Schema: public; Owner: postgres
--

SELECT pg_catalog.setval('public."Doctor_Id_seq"', 7, true);


--
-- TOC entry 3461 (class 0 OID 0)
-- Dependencies: 233
-- Name: EntityFiles_Id_seq; Type: SEQUENCE SET; Schema: public; Owner: postgres
--

SELECT pg_catalog.setval('public."EntityFiles_Id_seq"', 1, false);


--
-- TOC entry 3462 (class 0 OID 0)
-- Dependencies: 231
-- Name: Files_Id_seq; Type: SEQUENCE SET; Schema: public; Owner: postgres
--

SELECT pg_catalog.setval('public."Files_Id_seq"', 2, true);


--
-- TOC entry 3463 (class 0 OID 0)
-- Dependencies: 217
-- Name: Patient_Id_seq; Type: SEQUENCE SET; Schema: public; Owner: postgres
--

SELECT pg_catalog.setval('public."Patient_Id_seq"', 8, true);


--
-- TOC entry 3464 (class 0 OID 0)
-- Dependencies: 235
-- Name: PipelineRunQueue_Id_seq; Type: SEQUENCE SET; Schema: public; Owner: postgres
--

SELECT pg_catalog.setval('public."PipelineRunQueue_Id_seq"', 16, true);


--
-- TOC entry 3465 (class 0 OID 0)
-- Dependencies: 223
-- Name: PipelineRun_Id_seq; Type: SEQUENCE SET; Schema: public; Owner: postgres
--

SELECT pg_catalog.setval('public."PipelineRun_Id_seq"', 35, true);


--
-- TOC entry 3466 (class 0 OID 0)
-- Dependencies: 229
-- Name: PipelineStageRun_Id_seq; Type: SEQUENCE SET; Schema: public; Owner: postgres
--

SELECT pg_catalog.setval('public."PipelineStageRun_Id_seq"', 29, true);


--
-- TOC entry 3467 (class 0 OID 0)
-- Dependencies: 225
-- Name: PipelineStage_Id_seq; Type: SEQUENCE SET; Schema: public; Owner: postgres
--

SELECT pg_catalog.setval('public."PipelineStage_Id_seq"', 22, true);


--
-- TOC entry 3468 (class 0 OID 0)
-- Dependencies: 219
-- Name: Pipeline_Id_seq; Type: SEQUENCE SET; Schema: public; Owner: postgres
--

SELECT pg_catalog.setval('public."Pipeline_Id_seq"', 9, true);


--
-- TOC entry 3469 (class 0 OID 0)
-- Dependencies: 227
-- Name: Result_Id_seq; Type: SEQUENCE SET; Schema: public; Owner: postgres
--

SELECT pg_catalog.setval('public."Result_Id_seq"', 2, true);


--
-- TOC entry 3470 (class 0 OID 0)
-- Dependencies: 221
-- Name: User_Id_seq; Type: SEQUENCE SET; Schema: public; Owner: postgres
--

SELECT pg_catalog.setval('public."User_Id_seq"', 34, true);


--
-- TOC entry 3247 (class 2606 OID 49166)
-- Name: Doctor PK_Doctor; Type: CONSTRAINT; Schema: public; Owner: postgres
--

ALTER TABLE ONLY public."Doctor"
    ADD CONSTRAINT "PK_Doctor" PRIMARY KEY ("Id");


--
-- TOC entry 3275 (class 2606 OID 65671)
-- Name: EntityFiles PK_EntityFiles; Type: CONSTRAINT; Schema: public; Owner: postgres
--

ALTER TABLE ONLY public."EntityFiles"
    ADD CONSTRAINT "PK_EntityFiles" PRIMARY KEY ("Id");


--
-- TOC entry 3272 (class 2606 OID 65663)
-- Name: Files PK_Files; Type: CONSTRAINT; Schema: public; Owner: postgres
--

ALTER TABLE ONLY public."Files"
    ADD CONSTRAINT "PK_Files" PRIMARY KEY ("Id");


--
-- TOC entry 3249 (class 2606 OID 49174)
-- Name: Patient PK_Patient; Type: CONSTRAINT; Schema: public; Owner: postgres
--

ALTER TABLE ONLY public."Patient"
    ADD CONSTRAINT "PK_Patient" PRIMARY KEY ("Id");


--
-- TOC entry 3251 (class 2606 OID 49182)
-- Name: Pipeline PK_Pipeline; Type: CONSTRAINT; Schema: public; Owner: postgres
--

ALTER TABLE ONLY public."Pipeline"
    ADD CONSTRAINT "PK_Pipeline" PRIMARY KEY ("Id");


--
-- TOC entry 3258 (class 2606 OID 49198)
-- Name: PipelineRun PK_PipelineRun; Type: CONSTRAINT; Schema: public; Owner: postgres
--

ALTER TABLE ONLY public."PipelineRun"
    ADD CONSTRAINT "PK_PipelineRun" PRIMARY KEY ("Id");


--
-- TOC entry 3278 (class 2606 OID 82045)
-- Name: PipelineRunQueue PK_PipelineRunQueue; Type: CONSTRAINT; Schema: public; Owner: postgres
--

ALTER TABLE ONLY public."PipelineRunQueue"
    ADD CONSTRAINT "PK_PipelineRunQueue" PRIMARY KEY ("Id");


--
-- TOC entry 3261 (class 2606 OID 49216)
-- Name: PipelineStage PK_PipelineStage; Type: CONSTRAINT; Schema: public; Owner: postgres
--

ALTER TABLE ONLY public."PipelineStage"
    ADD CONSTRAINT "PK_PipelineStage" PRIMARY KEY ("Id");


--
-- TOC entry 3270 (class 2606 OID 49252)
-- Name: PipelineStageRun PK_PipelineStageRun; Type: CONSTRAINT; Schema: public; Owner: postgres
--

ALTER TABLE ONLY public."PipelineStageRun"
    ADD CONSTRAINT "PK_PipelineStageRun" PRIMARY KEY ("Id");


--
-- TOC entry 3266 (class 2606 OID 49229)
-- Name: Result PK_Result; Type: CONSTRAINT; Schema: public; Owner: postgres
--

ALTER TABLE ONLY public."Result"
    ADD CONSTRAINT "PK_Result" PRIMARY KEY ("Id");


--
-- TOC entry 3253 (class 2606 OID 49190)
-- Name: User PK_User; Type: CONSTRAINT; Schema: public; Owner: postgres
--

ALTER TABLE ONLY public."User"
    ADD CONSTRAINT "PK_User" PRIMARY KEY ("Id");


--
-- TOC entry 3245 (class 2606 OID 49158)
-- Name: __EFMigrationsHistory PK___EFMigrationsHistory; Type: CONSTRAINT; Schema: public; Owner: postgres
--

ALTER TABLE ONLY public."__EFMigrationsHistory"
    ADD CONSTRAINT "PK___EFMigrationsHistory" PRIMARY KEY ("MigrationId");


--
-- TOC entry 3273 (class 1259 OID 65677)
-- Name: IX_EntityFiles_FileId; Type: INDEX; Schema: public; Owner: postgres
--

CREATE INDEX "IX_EntityFiles_FileId" ON public."EntityFiles" USING btree ("FileId");


--
-- TOC entry 3276 (class 1259 OID 82051)
-- Name: IX_PipelineRunQueue_PipelineRunId; Type: INDEX; Schema: public; Owner: postgres
--

CREATE INDEX "IX_PipelineRunQueue_PipelineRunId" ON public."PipelineRunQueue" USING btree ("PipelineRunId");


--
-- TOC entry 3254 (class 1259 OID 73870)
-- Name: IX_PipelineRun_DoctorId; Type: INDEX; Schema: public; Owner: postgres
--

CREATE INDEX "IX_PipelineRun_DoctorId" ON public."PipelineRun" USING btree ("DoctorId");


--
-- TOC entry 3255 (class 1259 OID 49263)
-- Name: IX_PipelineRun_PatientId; Type: INDEX; Schema: public; Owner: postgres
--

CREATE INDEX "IX_PipelineRun_PatientId" ON public."PipelineRun" USING btree ("PatientId");


--
-- TOC entry 3256 (class 1259 OID 49264)
-- Name: IX_PipelineRun_PipelineId; Type: INDEX; Schema: public; Owner: postgres
--

CREATE INDEX "IX_PipelineRun_PipelineId" ON public."PipelineRun" USING btree ("PipelineId");


--
-- TOC entry 3267 (class 1259 OID 49266)
-- Name: IX_PipelineStageRun_PipelineRunId; Type: INDEX; Schema: public; Owner: postgres
--

CREATE INDEX "IX_PipelineStageRun_PipelineRunId" ON public."PipelineStageRun" USING btree ("PipelineRunId");


--
-- TOC entry 3268 (class 1259 OID 49267)
-- Name: IX_PipelineStageRun_PipelineStageId; Type: INDEX; Schema: public; Owner: postgres
--

CREATE INDEX "IX_PipelineStageRun_PipelineStageId" ON public."PipelineStageRun" USING btree ("PipelineStageId");


--
-- TOC entry 3259 (class 1259 OID 49265)
-- Name: IX_PipelineStage_PipelineId; Type: INDEX; Schema: public; Owner: postgres
--

CREATE INDEX "IX_PipelineStage_PipelineId" ON public."PipelineStage" USING btree ("PipelineId");


--
-- TOC entry 3262 (class 1259 OID 49268)
-- Name: IX_Result_DoctorId; Type: INDEX; Schema: public; Owner: postgres
--

CREATE INDEX "IX_Result_DoctorId" ON public."Result" USING btree ("DoctorId");


--
-- TOC entry 3263 (class 1259 OID 49269)
-- Name: IX_Result_PatientId; Type: INDEX; Schema: public; Owner: postgres
--

CREATE INDEX "IX_Result_PatientId" ON public."Result" USING btree ("PatientId");


--
-- TOC entry 3264 (class 1259 OID 49270)
-- Name: IX_Result_PipelineRunId; Type: INDEX; Schema: public; Owner: postgres
--

CREATE INDEX "IX_Result_PipelineRunId" ON public."Result" USING btree ("PipelineRunId");


--
-- TOC entry 3288 (class 2606 OID 65672)
-- Name: EntityFiles FK_EntityFiles_Files_FileId; Type: FK CONSTRAINT; Schema: public; Owner: postgres
--

ALTER TABLE ONLY public."EntityFiles"
    ADD CONSTRAINT "FK_EntityFiles_Files_FileId" FOREIGN KEY ("FileId") REFERENCES public."Files"("Id") ON DELETE CASCADE;


--
-- TOC entry 3289 (class 2606 OID 82046)
-- Name: PipelineRunQueue FK_PipelineRunQueue_PipelineRun_PipelineRunId; Type: FK CONSTRAINT; Schema: public; Owner: postgres
--

ALTER TABLE ONLY public."PipelineRunQueue"
    ADD CONSTRAINT "FK_PipelineRunQueue_PipelineRun_PipelineRunId" FOREIGN KEY ("PipelineRunId") REFERENCES public."PipelineRun"("Id") ON DELETE CASCADE;


--
-- TOC entry 3279 (class 2606 OID 73876)
-- Name: PipelineRun FK_PipelineRun_Doctor_DoctorId; Type: FK CONSTRAINT; Schema: public; Owner: postgres
--

ALTER TABLE ONLY public."PipelineRun"
    ADD CONSTRAINT "FK_PipelineRun_Doctor_DoctorId" FOREIGN KEY ("DoctorId") REFERENCES public."Doctor"("Id") ON DELETE CASCADE;


--
-- TOC entry 3280 (class 2606 OID 49199)
-- Name: PipelineRun FK_PipelineRun_Patient_PatientId; Type: FK CONSTRAINT; Schema: public; Owner: postgres
--

ALTER TABLE ONLY public."PipelineRun"
    ADD CONSTRAINT "FK_PipelineRun_Patient_PatientId" FOREIGN KEY ("PatientId") REFERENCES public."Patient"("Id") ON DELETE CASCADE;


--
-- TOC entry 3281 (class 2606 OID 49204)
-- Name: PipelineRun FK_PipelineRun_Pipeline_PipelineId; Type: FK CONSTRAINT; Schema: public; Owner: postgres
--

ALTER TABLE ONLY public."PipelineRun"
    ADD CONSTRAINT "FK_PipelineRun_Pipeline_PipelineId" FOREIGN KEY ("PipelineId") REFERENCES public."Pipeline"("Id") ON DELETE CASCADE;


--
-- TOC entry 3286 (class 2606 OID 49253)
-- Name: PipelineStageRun FK_PipelineStageRun_PipelineRun_PipelineRunId; Type: FK CONSTRAINT; Schema: public; Owner: postgres
--

ALTER TABLE ONLY public."PipelineStageRun"
    ADD CONSTRAINT "FK_PipelineStageRun_PipelineRun_PipelineRunId" FOREIGN KEY ("PipelineRunId") REFERENCES public."PipelineRun"("Id") ON DELETE CASCADE;


--
-- TOC entry 3287 (class 2606 OID 49258)
-- Name: PipelineStageRun FK_PipelineStageRun_PipelineStage_PipelineStageId; Type: FK CONSTRAINT; Schema: public; Owner: postgres
--

ALTER TABLE ONLY public."PipelineStageRun"
    ADD CONSTRAINT "FK_PipelineStageRun_PipelineStage_PipelineStageId" FOREIGN KEY ("PipelineStageId") REFERENCES public."PipelineStage"("Id") ON DELETE CASCADE;


--
-- TOC entry 3282 (class 2606 OID 49217)
-- Name: PipelineStage FK_PipelineStage_Pipeline_PipelineId; Type: FK CONSTRAINT; Schema: public; Owner: postgres
--

ALTER TABLE ONLY public."PipelineStage"
    ADD CONSTRAINT "FK_PipelineStage_Pipeline_PipelineId" FOREIGN KEY ("PipelineId") REFERENCES public."Pipeline"("Id") ON DELETE CASCADE;


--
-- TOC entry 3283 (class 2606 OID 49230)
-- Name: Result FK_Result_Doctor_DoctorId; Type: FK CONSTRAINT; Schema: public; Owner: postgres
--

ALTER TABLE ONLY public."Result"
    ADD CONSTRAINT "FK_Result_Doctor_DoctorId" FOREIGN KEY ("DoctorId") REFERENCES public."Doctor"("Id") ON DELETE CASCADE;


--
-- TOC entry 3284 (class 2606 OID 49235)
-- Name: Result FK_Result_Patient_PatientId; Type: FK CONSTRAINT; Schema: public; Owner: postgres
--

ALTER TABLE ONLY public."Result"
    ADD CONSTRAINT "FK_Result_Patient_PatientId" FOREIGN KEY ("PatientId") REFERENCES public."Patient"("Id") ON DELETE CASCADE;


--
-- TOC entry 3285 (class 2606 OID 49240)
-- Name: Result FK_Result_PipelineRun_PipelineRunId; Type: FK CONSTRAINT; Schema: public; Owner: postgres
--

ALTER TABLE ONLY public."Result"
    ADD CONSTRAINT "FK_Result_PipelineRun_PipelineRunId" FOREIGN KEY ("PipelineRunId") REFERENCES public."PipelineRun"("Id") ON DELETE CASCADE;


-- Completed on 2023-07-11 16:33:06

--
-- PostgreSQL database dump complete
--

